{
    "services": [
      {
        "head": "MSME Certificate",
        "details": "Lorem ipsum dolor sit amet consectetur adipisicing elit. Est cumque recusandae mollitia fugit quibusdam magni quasi necessitatibus natus ipsa excepturi. Lorem ipsum dolor sit amet consectetur adipisicing elit. Non, quidem ut culpa quia quam, id, atque nihil vitae quasi eligendi aliquid harum veritatis illo consectetur sunt eum saepe quos pariatur.",
        "imageName": "msme-logo.webp"
      },
      {
        "head": "Passport Form",
        "details": "Lorem ipsum dolor sit amet consectetur adipisicing elit. Est cumque recusandae mollitia fugit quibusdam magni quasi necessitatibus natus ipsa excepturi. Lorem ipsum dolor sit amet consectetur adipisicing elit. Non, quidem ut culpa quia quam, id, atque nihil vitae quasi eligendi aliquid harum veritatis illo consectetur sunt eum saepe quos pariatur.",
        "imageName": "Indian-Passport-1024x680.jpg"
      },
      {
        "head": "Aadhar Card",
        "details": "Lorem ipsum dolor sit amet consectetur adipisicing elit. Est cumque recusandae mollitia fugit quibusdam magni quasi necessitatibus natus ipsa excepturi. Lorem ipsum dolor sit amet consectetur adipisicing elit. Non, quidem ut culpa quia quam, id, atque nihil vitae quasi eligendi aliquid harum veritatis illo consectetur sunt eum saepe quos pariatur.",
        "imageName": "aadhaarr.jpg"
      },
      {
        "head": "Accounting",
        "details": "Lorem ipsum dolor sit amet consectetur adipisicing elit. Est cumque recusandae mollitia fugit quibusdam magni quasi necessitatibus natus ipsa excepturi. Lorem ipsum dolor sit amet consectetur adipisicing elit. Non, quidem ut culpa quia quam, id, atque nihil vitae quasi eligendi aliquid harum veritatis illo consectetur sunt eum saepe quos pariatur.",
        "imageName": "original-0524b42a29a7cd7a809a592c1dba971e.jpg"
      }
    ],
    "contact": [
      {
        "icon": "fa fa-phone",
        "head": "Call Me",
        "text": "+91 98989 89898",
        "value": "tel:+919898989898"
      },
      {
        "icon": "fa fa-envelope",
        "head": "Email Me",
        "text": "siddiqsufi@gmail.com",
        "value":"mailto:siddiqsufi@gail.com"
      },
      {
        "icon": "fab fa-whatsapp",
        "head": "Chat With Me",
        "text": "+91 98989 89898",
        "value": "https://wa.me/+919499844439"
      }
    ]
  }
  